Image_File_Name,Class
img_697.jpg,0
img_696.jpg,6
img_695.jpg,6
img_694.jpg,6
img_693.jpg,6
img_692.jpg,6
img_691.jpg,6
img_690.jpg,6
img_689.jpg,6
img_688.jpg,6
img_687.jpg,6
img_686.jpg,6
img_685.jpg,6
img_684.jpg,6
img_683.jpg,6
img_682.jpg,6
img_681.jpg,6
img_680.jpg,6
img_679.jpg,6
img_678.jpg,6
img_677.jpg,6
img_676.jpg,6
img_675.jpg,6
img_674.jpg,6
img_673.jpg,6
img_672.jpg,6
img_671.jpg,6
img_670.jpg,6
img_669.jpg,6
img_668.jpg,6
img_667.jpg,6
img_666.jpg,6
img_665.jpg,6
img_664.jpg,6
img_663.jpg,6
img_662.jpg,6
img_661.jpg,6
img_660.jpg,6
img_659.jpg,6
img_658.jpg,6
img_657.jpg,6
img_656.jpg,6
img_655.jpg,6
img_654.jpg,6
img_653.jpg,6
img_652.jpg,6
img_651.jpg,6
img_650.jpg,6
img_649.jpg,6
img_648.jpg,6
img_647.jpg,6
img_646.jpg,6
img_645.jpg,6
img_644.jpg,6
img_643.jpg,6
img_642.jpg,6
img_641.jpg,6
img_640.jpg,6
img_639.jpg,6
img_638.jpg,6
img_637.jpg,6
img_636.jpg,6
img_635.jpg,6
img_634.jpg,6
img_633.jpg,6
img_632.jpg,6
img_631.jpg,6
img_630.jpg,6
img_629.jpg,6
img_628.jpg,6
img_627.jpg,6
img_626.jpg,6
img_625.jpg,6
img_624.jpg,6
img_623.jpg,6
img_622.jpg,6
img_621.jpg,6
img_620.jpg,6
img_619.jpg,6
img_618.jpg,6
img_617.jpg,6
img_616.jpg,6
img_615.jpg,6
img_614.jpg,6
img_613.jpg,6
img_612.jpg,6
img_611.jpg,6
img_610.jpg,6
img_609.jpg,6
img_608.jpg,6
img_607.jpg,6
img_606.jpg,6
img_605.jpg,6
img_604.jpg,6
img_603.jpg,6
img_602.jpg,6
img_601.jpg,6
img_600.jpg,6
img_599.jpg,6
img_598.jpg,6
img_597.jpg,6
img_596.jpg,6
img_595.jpg,6
img_594.jpg,6
img_593.jpg,6
img_592.jpg,6
img_591.jpg,6
img_590.jpg,6
img_589.jpg,6
img_588.jpg,6
img_587.jpg,6
img_586.jpg,6
img_585.jpg,6
img_584.jpg,6
img_583.jpg,6
img_582.jpg,6
img_581.jpg,6
img_580.jpg,5
img_579.jpg,5
img_578.jpg,5
img_577.jpg,5
img_576.jpg,5
img_575.jpg,5
img_574.jpg,5
img_573.jpg,5
img_572.jpg,5
img_571.jpg,5
img_570.jpg,5
img_569.jpg,5
img_568.jpg,5
img_567.jpg,5
img_566.jpg,5
img_565.jpg,5
img_564.jpg,5
img_563.jpg,5
img_562.jpg,5
img_561.jpg,5
img_560.jpg,5
img_559.jpg,5
img_558.jpg,5
img_557.jpg,5
img_556.jpg,5
img_555.jpg,5
img_554.jpg,5
img_553.jpg,5
img_552.jpg,5
img_551.jpg,5
img_550.jpg,5
img_549.jpg,5
img_548.jpg,5
img_547.jpg,5
img_546.jpg,5
img_545.jpg,5
img_544.jpg,5
img_543.jpg,5
img_542.jpg,5
img_541.jpg,5
img_540.jpg,5
img_539.jpg,5
img_538.jpg,5
img_537.jpg,5
img_536.jpg,5
img_535.jpg,5
img_534.jpg,5
img_533.jpg,5
img_532.jpg,5
img_531.jpg,5
img_530.jpg,5
img_529.jpg,5
img_528.jpg,5
img_527.jpg,5
img_526.jpg,5
img_525.jpg,5
img_524.jpg,5
img_523.jpg,5
img_522.jpg,5
img_521.jpg,5
img_520.jpg,5
img_519.jpg,5
img_518.jpg,5
img_517.jpg,5
img_516.jpg,5
img_515.jpg,5
img_514.jpg,5
img_513.jpg,5
img_512.jpg,5
img_511.jpg,5
img_510.jpg,5
img_509.jpg,5
img_508.jpg,5
img_507.jpg,5
img_506.jpg,5
img_505.jpg,5
img_504.jpg,5
img_503.jpg,5
img_502.jpg,5
img_501.jpg,5
img_500.jpg,5
img_499.jpg,5
img_498.jpg,5
img_497.jpg,5
img_496.jpg,5
img_495.jpg,5
img_494.jpg,5
img_493.jpg,5
img_492.jpg,5
img_491.jpg,5
img_490.jpg,5
img_489.jpg,5
img_488.jpg,5
img_487.jpg,5
img_486.jpg,5
img_485.jpg,5
img_484.jpg,5
img_483.jpg,5
img_482.jpg,5
img_481.jpg,5
img_480.jpg,5
img_479.jpg,5
img_478.jpg,5
img_477.jpg,5
img_476.jpg,5
img_475.jpg,5
img_474.jpg,5
img_473.jpg,5
img_472.jpg,5
img_471.jpg,5
img_470.jpg,5
img_469.jpg,5
img_468.jpg,5
img_467.jpg,5
img_466.jpg,5
img_465.jpg,5
img_464.jpg,5
img_463.jpg,5
img_462.jpg,4
img_461.jpg,4
img_460.jpg,4
img_459.jpg,4
img_458.jpg,4
img_457.jpg,4
img_456.jpg,4
img_455.jpg,4
img_454.jpg,4
img_453.jpg,4
img_452.jpg,4
img_451.jpg,4
img_450.jpg,4
img_449.jpg,4
img_448.jpg,4
img_447.jpg,4
img_446.jpg,4
img_445.jpg,4
img_444.jpg,4
img_443.jpg,4
img_442.jpg,4
img_441.jpg,4
img_440.jpg,4
img_439.jpg,4
img_438.jpg,4
img_437.jpg,4
img_436.jpg,4
img_435.jpg,4
img_434.jpg,4
img_433.jpg,4
img_432.jpg,4
img_431.jpg,4
img_430.jpg,4
img_429.jpg,4
img_428.jpg,4
img_427.jpg,4
img_426.jpg,4
img_425.jpg,4
img_424.jpg,4
img_423.jpg,4
img_422.jpg,4
img_421.jpg,4
img_420.jpg,4
img_419.jpg,4
img_418.jpg,4
img_417.jpg,4
img_416.jpg,4
img_415.jpg,4
img_414.jpg,4
img_413.jpg,4
img_412.jpg,4
img_411.jpg,4
img_410.jpg,4
img_409.jpg,4
img_408.jpg,4
img_407.jpg,4
img_406.jpg,4
img_405.jpg,4
img_404.jpg,4
img_403.jpg,4
img_402.jpg,4
img_401.jpg,4
img_400.jpg,4
img_399.jpg,4
img_398.jpg,4
img_397.jpg,4
img_396.jpg,4
img_395.jpg,4
img_394.jpg,4
img_393.jpg,4
img_392.jpg,4
img_391.jpg,4
img_390.jpg,4
img_389.jpg,4
img_388.jpg,4
img_387.jpg,4
img_386.jpg,4
img_385.jpg,4
img_384.jpg,4
img_383.jpg,4
img_382.jpg,4
img_381.jpg,4
img_380.jpg,4
img_379.jpg,4
img_378.jpg,4
img_377.jpg,4
img_376.jpg,4
img_375.jpg,4
img_374.jpg,4
img_373.jpg,4
img_372.jpg,4
img_371.jpg,4
img_370.jpg,4
img_369.jpg,4
img_368.jpg,4
img_367.jpg,4
img_366.jpg,4
img_365.jpg,4
img_364.jpg,4
img_363.jpg,4
img_362.jpg,4
img_361.jpg,4
img_360.jpg,4
img_359.jpg,4
img_358.jpg,4
img_357.jpg,4
img_356.jpg,4
img_355.jpg,4
img_354.jpg,4
img_353.jpg,4
img_352.jpg,4
img_351.jpg,4
img_350.jpg,4
img_349.jpg,4
img_348.jpg,4
img_347.jpg,4
img_346.jpg,4
img_345.jpg,4
img_344.jpg,3
img_343.jpg,3
img_342.jpg,3
img_341.jpg,3
img_340.jpg,3
img_339.jpg,3
img_338.jpg,3
img_337.jpg,3
img_336.jpg,3
img_335.jpg,3
img_334.jpg,3
img_333.jpg,3
img_332.jpg,3
img_331.jpg,3
img_330.jpg,3
img_329.jpg,3
img_328.jpg,3
img_327.jpg,3
img_326.jpg,3
img_325.jpg,3
img_324.jpg,3
img_323.jpg,3
img_322.jpg,3
img_321.jpg,3
img_320.jpg,3
img_319.jpg,3
img_318.jpg,3
img_317.jpg,3
img_316.jpg,3
img_315.jpg,3
img_314.jpg,3
img_313.jpg,3
img_312.jpg,3
img_311.jpg,3
img_310.jpg,3
img_309.jpg,3
img_308.jpg,3
img_307.jpg,3
img_306.jpg,3
img_305.jpg,3
img_304.jpg,3
img_303.jpg,3
img_302.jpg,3
img_301.jpg,3
img_300.jpg,3
img_299.jpg,3
img_298.jpg,3
img_297.jpg,3
img_296.jpg,3
img_295.jpg,3
img_294.jpg,3
img_293.jpg,3
img_292.jpg,3
img_291.jpg,3
img_290.jpg,3
img_289.jpg,3
img_288.jpg,3
img_287.jpg,3
img_286.jpg,3
img_285.jpg,3
img_284.jpg,3
img_283.jpg,3
img_282.jpg,3
img_281.jpg,3
img_280.jpg,3
img_279.jpg,3
img_278.jpg,3
img_277.jpg,3
img_276.jpg,3
img_275.jpg,3
img_274.jpg,3
img_273.jpg,3
img_272.jpg,3
img_271.jpg,3
img_270.jpg,3
img_269.jpg,3
img_268.jpg,3
img_267.jpg,3
img_266.jpg,3
img_265.jpg,3
img_264.jpg,3
img_263.jpg,3
img_262.jpg,3
img_261.jpg,3
img_260.jpg,3
img_259.jpg,3
img_258.jpg,3
img_257.jpg,3
img_256.jpg,3
img_255.jpg,3
img_254.jpg,3
img_253.jpg,3
img_252.jpg,3
img_251.jpg,3
img_250.jpg,3
img_249.jpg,3
img_248.jpg,3
img_247.jpg,3
img_246.jpg,3
img_245.jpg,3
img_244.jpg,3
img_243.jpg,3
img_242.jpg,3
img_241.jpg,3
img_240.jpg,3
img_239.jpg,3
img_238.jpg,3
img_237.jpg,3
img_236.jpg,3
img_235.jpg,3
img_234.jpg,3
img_233.jpg,3
img_232.jpg,3
img_231.jpg,3
img_230.jpg,3
img_229.jpg,3
img_228.jpg,3
img_227.jpg,3
img_226.jpg,3
img_225.jpg,3
img_224.jpg,2
img_223.jpg,2
img_222.jpg,2
img_221.jpg,2
img_220.jpg,2
img_219.jpg,2
img_218.jpg,2
img_217.jpg,2
img_216.jpg,2
img_215.jpg,2
img_214.jpg,2
img_213.jpg,2
img_212.jpg,2
img_211.jpg,2
img_210.jpg,2
img_209.jpg,2
img_208.jpg,2
img_207.jpg,2
img_206.jpg,2
img_205.jpg,2
img_204.jpg,2
img_203.jpg,2
img_202.jpg,2
img_201.jpg,2
img_200.jpg,2
img_199.jpg,2
img_198.jpg,2
img_197.jpg,2
img_196.jpg,2
img_195.jpg,2
img_194.jpg,2
img_193.jpg,2
img_192.jpg,2
img_191.jpg,2
img_190.jpg,2
img_189.jpg,2
img_188.jpg,2
img_187.jpg,2
img_186.jpg,2
img_185.jpg,2
img_184.jpg,2
img_183.jpg,2
img_182.jpg,2
img_181.jpg,2
img_180.jpg,2
img_179.jpg,2
img_178.jpg,2
img_177.jpg,2
img_176.jpg,2
img_175.jpg,2
img_174.jpg,2
img_173.jpg,2
img_172.jpg,2
img_171.jpg,2
img_170.jpg,2
img_169.jpg,2
img_168.jpg,2
img_167.jpg,2
img_166.jpg,2
img_165.jpg,2
img_164.jpg,2
img_163.jpg,2
img_162.jpg,2
img_161.jpg,2
img_160.jpg,2
img_159.jpg,2
img_158.jpg,2
img_157.jpg,2
img_156.jpg,2
img_155.jpg,2
img_154.jpg,2
img_153.jpg,2
img_152.jpg,2
img_151.jpg,2
img_150.jpg,2
img_149.jpg,2
img_148.jpg,2
img_147.jpg,2
img_146.jpg,2
img_145.jpg,2
img_144.jpg,2
img_143.jpg,2
img_142.jpg,2
img_141.jpg,2
img_140.jpg,2
img_139.jpg,2
img_138.jpg,2
img_137.jpg,2
img_136.jpg,2
img_135.jpg,2
img_134.jpg,2
img_133.jpg,2
img_132.jpg,2
img_131.jpg,2
img_130.jpg,2
img_129.jpg,2
img_128.jpg,2
img_127.jpg,2
img_126.jpg,2
img_125.jpg,2
img_124.jpg,2
img_123.jpg,2
img_122.jpg,2
img_121.jpg,2
img_120.jpg,2
img_119.jpg,2
img_118.jpg,2
img_117.jpg,1
img_116.jpg,1
img_115.jpg,1
img_114.jpg,1
img_113.jpg,1
img_112.jpg,1
img_111.jpg,1
img_110.jpg,1
img_109.jpg,1
img_108.jpg,1
img_107.jpg,1
img_106.jpg,1
img_105.jpg,1
img_104.jpg,1
img_103.jpg,1
img_102.jpg,1
img_101.jpg,1
img_100.jpg,1
img_99.jpg,1
img_98.jpg,1
img_97.jpg,1
img_96.jpg,1
img_95.jpg,1
img_94.jpg,1
img_93.jpg,1
img_92.jpg,1
img_91.jpg,1
img_90.jpg,1
img_89.jpg,1
img_88.jpg,1
img_87.jpg,1
img_86.jpg,1
img_85.jpg,1
img_84.jpg,1
img_83.jpg,1
img_82.jpg,1
img_81.jpg,1
img_80.jpg,1
img_79.jpg,1
img_78.jpg,1
img_77.jpg,1
img_76.jpg,1
img_75.jpg,1
img_74.jpg,1
img_73.jpg,1
img_72.jpg,1
img_71.jpg,1
img_70.jpg,1
img_69.jpg,1
img_68.jpg,1
img_67.jpg,1
img_66.jpg,1
img_65.jpg,1
img_64.jpg,1
img_63.jpg,1
img_62.jpg,1
img_61.jpg,1
img_60.jpg,1
img_59.jpg,1
img_58.jpg,1
img_57.jpg,1
img_56.jpg,1
img_55.jpg,1
img_54.jpg,1
img_53.jpg,1
img_52.jpg,1
img_51.jpg,1
img_50.jpg,1
img_49.jpg,1
img_48.jpg,1
img_47.jpg,1
img_46.jpg,1
img_45.jpg,1
img_44.jpg,1
img_43.jpg,1
img_42.jpg,1
img_41.jpg,1
img_40.jpg,1
img_39.jpg,1
img_38.jpg,1
img_37.jpg,1
img_36.jpg,1
img_35.jpg,1
img_34.jpg,1
img_33.jpg,1
img_32.jpg,1
img_31.jpg,1
img_30.jpg,1
img_29.jpg,1
img_28.jpg,1
img_27.jpg,1
img_26.jpg,1
img_25.jpg,1
img_24.jpg,1
img_23.jpg,1
img_22.jpg,1
img_21.jpg,1
img_20.jpg,1
img_19.jpg,1
img_18.jpg,1
img_17.jpg,1
img_16.jpg,1
img_15.jpg,1
img_14.jpg,1
img_13.jpg,1
img_12.jpg,1
img_11.jpg,1
img_10.jpg,1
img_9.jpg,1
img_8.jpg,1
img_7.jpg,1
img_6.jpg,1
img_5.jpg,1
img_4.jpg,1
img_3.jpg,1
img_2.jpg,1
img_1.jpg,1